,Name,Subject 1,Subject 2,Subject 3,Total,Average,Grade
0,CHIRAG,98.0,87.0,92.0,277.0,92.33333333333333,A
1,Akshita,93.0,87.0,78.0,258.0,86.0,B
2,Avani,83.0,78.0,76.0,237.0,79.0,B
3,Akhil,89.0,87.0,88.0,264.0,88.0,B
4,Rahul,76.0,65.0,56.0,197.0,65.66666666666667,C
